,0
0,/online-medicine-order/bnc-strawberry-flavour-bottle-of-200ml-syrup-178912
1,/online-medicine-order/z-m-strip-of-15-tablets-3121162
2,/health-care/products/flamingo-abdominal-belt-medium-113948
3,/online-medicine-order/i-b-11-strip-of-10-tablets-2978749
4,/health-care/products/dr-morepen-bp-09-bp-monitor-179097
5,/health-care/products/sbm-haridra-padmakam-3946108
6,/health-care/products/b-protin-chocolate-nutrition-supplement-bottle-of-500-g-172840
7,/health-care/products/accusure-ortho-support-backrest-3772285
8,/online-medicine-order/bm-cough-expt-157943
9,/health-care/products/flamingo-abdominal-belt-xxl-113957
